<?xml version="1.0" encoding="UTF-8"?>
<sounds>
	<actions>
		<action>
			<name>left</name>
			<file>select.wav</file>
		</action>
		<action>
			<name>right</name>
			<file>select.wav</file>
		</action>
		<action>
			<name>up</name>
			<file>select.wav</file>
		</action>
		<action>
			<name>down</name>
			<file>select.wav</file>
		</action>
		<action>
			<name>select</name>
			<file>Cursor.wav</file>
		</action>
		<action>
			<name>screenshot</name>
			<file>Shutter.wav</file>
		</action>
		<action>
			<name>back</name>
			<file>Back.wav</file>
		</action>
	</actions>
	<!-- <windows>
		<window>
			<name>notification</name>
			<activate>Notify.wav</activate>
		</window>
	</windows> -->
</sounds>