<?xml version="1.0" encoding="UTF-8" standalone="yes"?>
<addon id="plugin.program.fisheetvwiz" name="FisheeTV Wizard" version="4.0.0" provider-name="FisheeTV">
  <requires>
    <import addon="xbmc.python" version="2.1.0"/>
  </requires>
  <extension point="xbmc.python.pluginsource" library="default.py">
        <provides>executable</provides>
  </extension>
  <extension point="xbmc.addon.metadata">
		<summary lang="en">FisheeTV Installer VIP</summary>
		<summary lang="he">FisheeTV Installer VIP</summary>
		<description lang="en">Install the official FisheeTV builds for Kodi 17.</description>
		<description lang="he">Install the official FisheeTV builds for Kodi 17.</description>
		<disclaimer>PLEASE MAKE SURE YOU GOT THIS WIZARD FROM OUT OFFICIAL REPO ONLY! ANY OTHER VERSION IS A FORK/FAKE!</disclaimer>
		<forum />
		<source />
		<website>http://fisheetv.net.routing.wpmanagedhost.com/</website>
		<platform>all</platform>
	</extension>
</addon>
