<?xml version="1.0" encoding="UTF-8" standalone="yes"?>
<addon id="screensaver.FisheeTV" name="FisheeTV Screensaver" version="10.4.1" provider-name="enen92, FisheeTV">
	<requires>
		<import addon="xbmc.python" version="2.19.0"/>
	</requires>
	<extension point="xbmc.ui.screensaver" library="screensaver.py" />
	<extension point="xbmc.python.script" library="atv.py">
		<provides>video</provides> 
	</extension>
	<extension point="xbmc.service" library="service.py" start="login"/>
	<extension point="xbmc.addon.metadata">
		<platform>all</platform>
		<license>GNU GENERAL PUBLIC LICENSE. Version 2, June 1991</license>
		<source>https://github.com/enen92/screensaver.atv4</source>
		<website>http://fisheetv.net.routing.wpmanagedhost.com/</website>
		<summary lang="en">FisheeTV Screensaver [based on ATV 4]</summary>
		<description lang="en">FisheeTV Screensaver [based on ATV 4]</description>
    </extension>
    <assets>
	    <icon>icon.png</icon>
	    <fanart />
	    <screenshot>resources/screenshots/screenshot-01.jpg</screenshot>
	    <screenshot>resources/screenshots/screenshot-02.jpg</screenshot>
	    <screenshot>resources/screenshots/screenshot-03.jpg</screenshot>
	    <screenshot>resources/screenshots/screenshot-04.jpg</screenshot>
	</assets>
</addon>
