<?xml version="1.0" encoding="UTF-8"?>
    <addon id="repository.fisheetv" name="FisheeTV Repository" version="1.0.0" provider-name="FisheeTV">
        <requires>
            <import addon="xbmc.addon" version="12.0.0"/>
        </requires>
        <extension point="xbmc.addon.repository" name="FisheeTV Repository">
            <info compressed="false">http://www.fisheetvrepo.byethost24.com/Repo/addons.xml</info>
            <checksum>http://www.fisheetvrepo.byethost24.com/Repo/addons.xml.md5</checksum>
            <datadir zip="true">http://www.fisheetvrepo.byethost24.com/Repo/</datadir>
            <hashes>false</hashes>
        </extension>
        <extension point="xbmc.addon.metadata">
            <summary>The official FisheeTV Repo!</summary>
            <description>Download and Install Addons for  your FisheeTV Build. NOTE: ANY VERSIONS OF OUR ADDONS/MODS THAT ARE LOCATED IN OTHER REPOS ARE FAKE! PLEASE SUPPORT OUR PROJECT AND DO NOT USE FAKE ADDONS/FORKS OF FISHEETV.</description>
            <platform>all</platform>
    </extension>
</addon>